"relative_path","bytes","sha256","source_root","destination_root","import_policy","copied_utc"
"data_truth/permit_overlay_truth/normalized/black_bear_conservation_BR7307_lock_2026.csv","1103","7089F8D4EBF29EAD0765186C11E69CE042A0EC30913DC3EA233C2B95331D9C8D","C:\Users\tyler\Desktop\GitHub\HUNT-BUILDER-CLEAN","C:\Users\tyler\Desktop\GitHub\HUNT-BUILDER","missing_path_only_no_overwrite","2026-05-26T17:53:51.7678748Z"
"data_truth/permit_overlay_truth/normalized/elk_antlerless_private_lands_EA_2026_canonical.csv","8972","73004485C70716DA8BE8075003E2F5EC0C534D65DA2391528D94447B4DCBCF9F","C:\Users\tyler\Desktop\GitHub\HUNT-BUILDER-CLEAN","C:\Users\tyler\Desktop\GitHub\HUNT-BUILDER","missing_path_only_no_overwrite","2026-05-26T17:53:51.7899794Z"
"data_truth/permit_overlay_truth/normalized/elk_private_lands_EL_LO_2026_source_audit.csv","46629","859C3230CC0BDFA57D9881C13D47A3DFA639CD6AAF92F41EC676DCBA59AD1E9A","C:\Users\tyler\Desktop\GitHub\HUNT-BUILDER-CLEAN","C:\Users\tyler\Desktop\GitHub\HUNT-BUILDER","missing_path_only_no_overwrite","2026-05-26T17:53:51.8069792Z"
"data_truth/permit_overlay_truth/validation/black_bear_2026_vs_2025_code_comparison.csv","15580","65D7B9C7D7FEA5606BD2B19F50F1770760D33757889B3A0887366FED5EDDFC3B","C:\Users\tyler\Desktop\GitHub\HUNT-BUILDER-CLEAN","C:\Users\tyler\Desktop\GitHub\HUNT-BUILDER","missing_path_only_no_overwrite","2026-05-26T17:53:51.8239789Z"
"data_truth/permit_overlay_truth/validation/black_bear_conservation_BR7307_lock_2026_audit.csv","454","49B334B4E86105D3FAAAE3E127113F4DC65B7800B93A08786CFE038C746F0614","C:\Users\tyler\Desktop\GitHub\HUNT-BUILDER-CLEAN","C:\Users\tyler\Desktop\GitHub\HUNT-BUILDER","missing_path_only_no_overwrite","2026-05-26T17:53:51.8409762Z"
"data_truth/permit_overlay_truth/validation/elk_antlerless_private_lands_EA_2026_promotion_audit.csv","16373","7FB239ED04E9D6EBDA7BA26DEB586C5240D8EE6E1A20D51E4C55DD96C601B634","C:\Users\tyler\Desktop\GitHub\HUNT-BUILDER-CLEAN","C:\Users\tyler\Desktop\GitHub\HUNT-BUILDER","missing_path_only_no_overwrite","2026-05-26T17:53:51.8579777Z"
"data_truth/permit_overlay_truth/validation/elk_antlerless_private_lands_EA_2026_promotion_summary.json","1226","F368FF9EBB69ACC55318B0250E511C1A1F1475C0E2DEB397EEB4A994B09AD67F","C:\Users\tyler\Desktop\GitHub\HUNT-BUILDER-CLEAN","C:\Users\tyler\Desktop\GitHub\HUNT-BUILDER","missing_path_only_no_overwrite","2026-05-26T17:53:51.8749769Z"
"data_truth/permit_overlay_truth/validation/elk_antlerless_private_lands_EA_2026_summary.json","1366","0869174364335C62517179B2A672C7C2F0529B755C1835331BC99757735FD66A","C:\Users\tyler\Desktop\GitHub\HUNT-BUILDER-CLEAN","C:\Users\tyler\Desktop\GitHub\HUNT-BUILDER","missing_path_only_no_overwrite","2026-05-26T17:53:51.8909780Z"
"data_truth/permit_overlay_truth/validation/elk_private_lands_EL_LO_2026_rac_candidate_matches.csv","44317","48B9715C363E8E481534C992FDE342C3D50333A0B3F64E8D553D973BA342CD1F","C:\Users\tyler\Desktop\GitHub\HUNT-BUILDER-CLEAN","C:\Users\tyler\Desktop\GitHub\HUNT-BUILDER","missing_path_only_no_overwrite","2026-05-26T17:53:51.9094400Z"
"pages-dist/processed_data/current_to_historical_hunt_code_crosswalk_2026.csv","170681","8BF0BFACB4980510F46652AE7A710F82437527F5CAB037463F67E1B63D71C080","C:\Users\tyler\Desktop\GitHub\HUNT-BUILDER-CLEAN","C:\Users\tyler\Desktop\GitHub\HUNT-BUILDER","missing_path_only_no_overwrite","2026-05-26T17:53:51.9330602Z"
"pages-dist/processed_data/hard_data_exports/hunt_tables/2026/2026_BLACK_BEAR.validation.json","1925","8359DD9953721D30E6A6278305293A45D20BEA821C124F15D4C4A552923C412A","C:\Users\tyler\Desktop\GitHub\HUNT-BUILDER-CLEAN","C:\Users\tyler\Desktop\GitHub\HUNT-BUILDER","missing_path_only_no_overwrite","2026-05-26T17:53:51.9440594Z"
"pages-dist/processed_data/hard_data_exports/library/hard_data_manifest.csv","6436","D9E616D0BAC9F6177426FD6FEE9125F74D9C5BB591B59F50E179F23977C1F292","C:\Users\tyler\Desktop\GitHub\HUNT-BUILDER-CLEAN","C:\Users\tyler\Desktop\GitHub\HUNT-BUILDER","missing_path_only_no_overwrite","2026-05-26T17:53:51.9624586Z"
"pages-dist/processed_data/hard_data_exports/library/hard_data_manifest.json","15551","CA26D8DFCAA234A13EF39D155DC07132211A8A16BECB67A849B2648BC4872946","C:\Users\tyler\Desktop\GitHub\HUNT-BUILDER-CLEAN","C:\Users\tyler\Desktop\GitHub\HUNT-BUILDER","missing_path_only_no_overwrite","2026-05-26T17:53:51.9824592Z"
"pages-dist/processed_data/hard_data_exports/library/library_page_data.json","1375292","110F80D8A0BCB63AEFFC96370B83930D305127D4B08197368B07A1E9D927FB1E","C:\Users\tyler\Desktop\GitHub\HUNT-BUILDER-CLEAN","C:\Users\tyler\Desktop\GitHub\HUNT-BUILDER","missing_path_only_no_overwrite","2026-05-26T17:53:52.0044675Z"
"pages-dist/processed_data/hard_data_exports/library/library_page_hunts.csv","604096","E10A86EBCD017D897397B75D91CC127655BBD792010A08F56EE5FAFB3CF9DFAE","C:\Users\tyler\Desktop\GitHub\HUNT-BUILDER-CLEAN","C:\Users\tyler\Desktop\GitHub\HUNT-BUILDER","missing_path_only_no_overwrite","2026-05-26T17:53:52.0244664Z"
"pages-dist/processed_data/hard_data_exports/library/library_page_summary.json","15551","CA26D8DFCAA234A13EF39D155DC07132211A8A16BECB67A849B2648BC4872946","C:\Users\tyler\Desktop\GitHub\HUNT-BUILDER-CLEAN","C:\Users\tyler\Desktop\GitHub\HUNT-BUILDER","missing_path_only_no_overwrite","2026-05-26T17:53:52.0444665Z"
"pages-dist/processed_data/harvest_master.csv","189456","70AD09F4AC231AD3DB08D6D78714D0CCCFF1FAFF111AA910F8F87C5707F42808","C:\Users\tyler\Desktop\GitHub\HUNT-BUILDER-CLEAN","C:\Users\tyler\Desktop\GitHub\HUNT-BUILDER","missing_path_only_no_overwrite","2026-05-26T17:53:52.0654667Z"
"pages-dist/processed_data/harvest_quality_features_all_years_by_hunt_code.csv","1926517","8B9CFD7AC28765818A6F727EED20A50EEFF359B8E7831EB9C29699557F646A9E","C:\Users\tyler\Desktop\GitHub\HUNT-BUILDER-CLEAN","C:\Users\tyler\Desktop\GitHub\HUNT-BUILDER","missing_path_only_no_overwrite","2026-05-26T17:53:52.0918431Z"
"pages-dist/processed_data/hunt_database_complete.csv","507917","A3FC7279A548828EF4C3900FC1755A811811F8BFE5FE3AA56F0438B67458601D","C:\Users\tyler\Desktop\GitHub\HUNT-BUILDER-CLEAN","C:\Users\tyler\Desktop\GitHub\HUNT-BUILDER","missing_path_only_no_overwrite","2026-05-26T17:53:52.1258434Z"
"pages-dist/processed_data/hunt-master-canonical-2026-source-of-truth.csv","939769","056DD174DD8EB6F2368585A55F282D95833919403D1AEB745B0A115637A5B640","C:\Users\tyler\Desktop\GitHub\HUNT-BUILDER-CLEAN","C:\Users\tyler\Desktop\GitHub\HUNT-BUILDER","missing_path_only_no_overwrite","2026-05-26T17:53:52.1451665Z"
"pages-dist/processed_data/library/canonical_current_hunts_2026.csv","409592","62EC76BEBB15C9F563D221A6D172BBC06DC532620DA0229315AD1B261E8C7EF8","C:\Users\tyler\Desktop\GitHub\HUNT-BUILDER-CLEAN","C:\Users\tyler\Desktop\GitHub\HUNT-BUILDER","missing_path_only_no_overwrite","2026-05-26T17:53:52.1636796Z"
"pages-dist/processed_data/library/hard_data_library_manifest.csv","6436","D9E616D0BAC9F6177426FD6FEE9125F74D9C5BB591B59F50E179F23977C1F292","C:\Users\tyler\Desktop\GitHub\HUNT-BUILDER-CLEAN","C:\Users\tyler\Desktop\GitHub\HUNT-BUILDER","missing_path_only_no_overwrite","2026-05-26T17:53:52.1686784Z"
"pages-dist/processed_data/library/hard_data_library_manifest.json","15551","CA26D8DFCAA234A13EF39D155DC07132211A8A16BECB67A849B2648BC4872946","C:\Users\tyler\Desktop\GitHub\HUNT-BUILDER-CLEAN","C:\Users\tyler\Desktop\GitHub\HUNT-BUILDER","missing_path_only_no_overwrite","2026-05-26T17:53:52.1886798Z"
"pages-dist/processed_data/library/library_page_data.json","1375292","110F80D8A0BCB63AEFFC96370B83930D305127D4B08197368B07A1E9D927FB1E","C:\Users\tyler\Desktop\GitHub\HUNT-BUILDER-CLEAN","C:\Users\tyler\Desktop\GitHub\HUNT-BUILDER","missing_path_only_no_overwrite","2026-05-26T17:53:52.2086641Z"
"pages-dist/processed_data/library/library_page_hunts.csv","604096","E10A86EBCD017D897397B75D91CC127655BBD792010A08F56EE5FAFB3CF9DFAE","C:\Users\tyler\Desktop\GitHub\HUNT-BUILDER-CLEAN","C:\Users\tyler\Desktop\GitHub\HUNT-BUILDER","missing_path_only_no_overwrite","2026-05-26T17:53:52.2280919Z"
"pages-dist/processed_data/library/library_page_summary.json","15551","CA26D8DFCAA234A13EF39D155DC07132211A8A16BECB67A849B2648BC4872946","C:\Users\tyler\Desktop\GitHub\HUNT-BUILDER-CLEAN","C:\Users\tyler\Desktop\GitHub\HUNT-BUILDER","missing_path_only_no_overwrite","2026-05-26T17:53:52.2480913Z"
"pages-dist/processed_data/predictive_coverage_report.csv","284751","207D70501DF30763E907937BCE5386576ED0C20786DA92FFE9415ED9078F6D7F","C:\Users\tyler\Desktop\GitHub\HUNT-BUILDER-CLEAN","C:\Users\tyler\Desktop\GitHub\HUNT-BUILDER","missing_path_only_no_overwrite","2026-05-26T17:53:52.2690933Z"
"pages-dist/processed_data/production/library_page_data.json","1375292","110F80D8A0BCB63AEFFC96370B83930D305127D4B08197368B07A1E9D927FB1E","C:\Users\tyler\Desktop\GitHub\HUNT-BUILDER-CLEAN","C:\Users\tyler\Desktop\GitHub\HUNT-BUILDER","missing_path_only_no_overwrite","2026-05-26T17:53:52.2904945Z"
"pages-dist/processed_data/production/library_page_hunts.csv","604096","E10A86EBCD017D897397B75D91CC127655BBD792010A08F56EE5FAFB3CF9DFAE","C:\Users\tyler\Desktop\GitHub\HUNT-BUILDER-CLEAN","C:\Users\tyler\Desktop\GitHub\HUNT-BUILDER","missing_path_only_no_overwrite","2026-05-26T17:53:52.3094951Z"
"pages-dist/processed_data/production/library_page_summary.json","15551","CA26D8DFCAA234A13EF39D155DC07132211A8A16BECB67A849B2648BC4872946","C:\Users\tyler\Desktop\GitHub\HUNT-BUILDER-CLEAN","C:\Users\tyler\Desktop\GitHub\HUNT-BUILDER","missing_path_only_no_overwrite","2026-05-26T17:53:52.3292024Z"
"pages-dist/public/hard-copy/data/library_page_data.json","1375292","110F80D8A0BCB63AEFFC96370B83930D305127D4B08197368B07A1E9D927FB1E","C:\Users\tyler\Desktop\GitHub\HUNT-BUILDER-CLEAN","C:\Users\tyler\Desktop\GitHub\HUNT-BUILDER","missing_path_only_no_overwrite","2026-05-26T17:53:52.3505673Z"
"pages-dist/public/hard-copy/data/library_page_hunts.csv","604096","E10A86EBCD017D897397B75D91CC127655BBD792010A08F56EE5FAFB3CF9DFAE","C:\Users\tyler\Desktop\GitHub\HUNT-BUILDER-CLEAN","C:\Users\tyler\Desktop\GitHub\HUNT-BUILDER","missing_path_only_no_overwrite","2026-05-26T17:53:52.3685674Z"
"pages-dist/public/hard-copy/data/library_page_summary.json","15551","CA26D8DFCAA234A13EF39D155DC07132211A8A16BECB67A849B2648BC4872946","C:\Users\tyler\Desktop\GitHub\HUNT-BUILDER-CLEAN","C:\Users\tyler\Desktop\GitHub\HUNT-BUILDER","missing_path_only_no_overwrite","2026-05-26T17:53:52.3894726Z"
"pages-dist/public/hard-copy/manifests/hard_data_manifest.csv","6436","D9E616D0BAC9F6177426FD6FEE9125F74D9C5BB591B59F50E179F23977C1F292","C:\Users\tyler\Desktop\GitHub\HUNT-BUILDER-CLEAN","C:\Users\tyler\Desktop\GitHub\HUNT-BUILDER","missing_path_only_no_overwrite","2026-05-26T17:53:52.3944709Z"
"pages-dist/public/hard-copy/manifests/hard_data_manifest.json","15551","CA26D8DFCAA234A13EF39D155DC07132211A8A16BECB67A849B2648BC4872946","C:\Users\tyler\Desktop\GitHub\HUNT-BUILDER-CLEAN","C:\Users\tyler\Desktop\GitHub\HUNT-BUILDER","missing_path_only_no_overwrite","2026-05-26T17:53:52.4144713Z"
"processed_data/audits/library_page_build_report.json","15551","CA26D8DFCAA234A13EF39D155DC07132211A8A16BECB67A849B2648BC4872946","C:\Users\tyler\Desktop\GitHub\HUNT-BUILDER-CLEAN","C:\Users\tyler\Desktop\GitHub\HUNT-BUILDER","missing_path_only_no_overwrite","2026-05-26T17:53:52.4308067Z"
"processed_data/audits/library_page_missing_inputs.csv","1391","231127D8ACC27D6F48993CF851253EE7AACE20F296D9CBA0B4016F826FDCD480","C:\Users\tyler\Desktop\GitHub\HUNT-BUILDER-CLEAN","C:\Users\tyler\Desktop\GitHub\HUNT-BUILDER","missing_path_only_no_overwrite","2026-05-26T17:53:52.4347225Z"
"processed_data/black_bear_conservation_BR7307_lock_2026.md","857","35DA834014E74162D63BCB6BC9DA6214F14A492ADB46499E204C124B41D44449","C:\Users\tyler\Desktop\GitHub\HUNT-BUILDER-CLEAN","C:\Users\tyler\Desktop\GitHub\HUNT-BUILDER","missing_path_only_no_overwrite","2026-05-26T17:53:52.4497313Z"
"processed_data/black_bear_conservation_BR7307_lock_2026_summary.json","2346","51A86FEFF1B33F48F8F0367B8D5024C0E1EB0663BFE4C9EBD428A455FAEB9C64","C:\Users\tyler\Desktop\GitHub\HUNT-BUILDER-CLEAN","C:\Users\tyler\Desktop\GitHub\HUNT-BUILDER","missing_path_only_no_overwrite","2026-05-26T17:53:52.4660670Z"
"processed_data/elk_antlerless_private_lands_EA_2026_promotion.md","428","0F46B02333B03EAD9C6EE7E88E56D25F35868351CCA7975D41F45ECF7C27F2E6","C:\Users\tyler\Desktop\GitHub\HUNT-BUILDER-CLEAN","C:\Users\tyler\Desktop\GitHub\HUNT-BUILDER","missing_path_only_no_overwrite","2026-05-26T17:53:52.4830651Z"
"processed_data/elk_antlerless_private_lands_EA_2026_summary.md","613","8F9357B18C34D62FE96DF522BB68CFAC351B05EA37409F6CA54161A799C5E90C","C:\Users\tyler\Desktop\GitHub\HUNT-BUILDER-CLEAN","C:\Users\tyler\Desktop\GitHub\HUNT-BUILDER","missing_path_only_no_overwrite","2026-05-26T17:53:52.4944004Z"
"processed_data/hard_data_exports/library/hard_data_manifest.csv","6436","D9E616D0BAC9F6177426FD6FEE9125F74D9C5BB591B59F50E179F23977C1F292","C:\Users\tyler\Desktop\GitHub\HUNT-BUILDER-CLEAN","C:\Users\tyler\Desktop\GitHub\HUNT-BUILDER","missing_path_only_no_overwrite","2026-05-26T17:53:52.4984023Z"
"processed_data/hard_data_exports/library/hard_data_manifest.json","15551","CA26D8DFCAA234A13EF39D155DC07132211A8A16BECB67A849B2648BC4872946","C:\Users\tyler\Desktop\GitHub\HUNT-BUILDER-CLEAN","C:\Users\tyler\Desktop\GitHub\HUNT-BUILDER","missing_path_only_no_overwrite","2026-05-26T17:53:52.5104017Z"
"processed_data/hard_data_exports/library/library_page_data.json","1375292","110F80D8A0BCB63AEFFC96370B83930D305127D4B08197368B07A1E9D927FB1E","C:\Users\tyler\Desktop\GitHub\HUNT-BUILDER-CLEAN","C:\Users\tyler\Desktop\GitHub\HUNT-BUILDER","missing_path_only_no_overwrite","2026-05-26T17:53:52.5254882Z"
"processed_data/hard_data_exports/library/library_page_hunts.csv","604096","E10A86EBCD017D897397B75D91CC127655BBD792010A08F56EE5FAFB3CF9DFAE","C:\Users\tyler\Desktop\GitHub\HUNT-BUILDER-CLEAN","C:\Users\tyler\Desktop\GitHub\HUNT-BUILDER","missing_path_only_no_overwrite","2026-05-26T17:53:52.5374908Z"
"processed_data/hard_data_exports/library/library_page_summary.json","15551","CA26D8DFCAA234A13EF39D155DC07132211A8A16BECB67A849B2648BC4872946","C:\Users\tyler\Desktop\GitHub\HUNT-BUILDER-CLEAN","C:\Users\tyler\Desktop\GitHub\HUNT-BUILDER","missing_path_only_no_overwrite","2026-05-26T17:53:52.5484881Z"
"processed_data/library/hard_data_library_manifest.csv","6436","D9E616D0BAC9F6177426FD6FEE9125F74D9C5BB591B59F50E179F23977C1F292","C:\Users\tyler\Desktop\GitHub\HUNT-BUILDER-CLEAN","C:\Users\tyler\Desktop\GitHub\HUNT-BUILDER","missing_path_only_no_overwrite","2026-05-26T17:53:52.5528530Z"
"processed_data/library/hard_data_library_manifest.json","15551","CA26D8DFCAA234A13EF39D155DC07132211A8A16BECB67A849B2648BC4872946","C:\Users\tyler\Desktop\GitHub\HUNT-BUILDER-CLEAN","C:\Users\tyler\Desktop\GitHub\HUNT-BUILDER","missing_path_only_no_overwrite","2026-05-26T17:53:52.5648530Z"
"processed_data/library/library_page_data.json","1375292","110F80D8A0BCB63AEFFC96370B83930D305127D4B08197368B07A1E9D927FB1E","C:\Users\tyler\Desktop\GitHub\HUNT-BUILDER-CLEAN","C:\Users\tyler\Desktop\GitHub\HUNT-BUILDER","missing_path_only_no_overwrite","2026-05-26T17:53:52.5788530Z"
"processed_data/library/library_page_hunts.csv","604096","E10A86EBCD017D897397B75D91CC127655BBD792010A08F56EE5FAFB3CF9DFAE","C:\Users\tyler\Desktop\GitHub\HUNT-BUILDER-CLEAN","C:\Users\tyler\Desktop\GitHub\HUNT-BUILDER","missing_path_only_no_overwrite","2026-05-26T17:53:52.5908530Z"
"processed_data/library/library_page_summary.json","15551","CA26D8DFCAA234A13EF39D155DC07132211A8A16BECB67A849B2648BC4872946","C:\Users\tyler\Desktop\GitHub\HUNT-BUILDER-CLEAN","C:\Users\tyler\Desktop\GitHub\HUNT-BUILDER","missing_path_only_no_overwrite","2026-05-26T17:53:52.6038548Z"
"processed_data/production/library_page_data.json","1375292","110F80D8A0BCB63AEFFC96370B83930D305127D4B08197368B07A1E9D927FB1E","C:\Users\tyler\Desktop\GitHub\HUNT-BUILDER-CLEAN","C:\Users\tyler\Desktop\GitHub\HUNT-BUILDER","missing_path_only_no_overwrite","2026-05-26T17:53:52.6172196Z"
"processed_data/production/library_page_hunts.csv","604096","E10A86EBCD017D897397B75D91CC127655BBD792010A08F56EE5FAFB3CF9DFAE","C:\Users\tyler\Desktop\GitHub\HUNT-BUILDER-CLEAN","C:\Users\tyler\Desktop\GitHub\HUNT-BUILDER","missing_path_only_no_overwrite","2026-05-26T17:53:52.6292196Z"
"processed_data/production/library_page_summary.json","15551","CA26D8DFCAA234A13EF39D155DC07132211A8A16BECB67A849B2648BC4872946","C:\Users\tyler\Desktop\GitHub\HUNT-BUILDER-CLEAN","C:\Users\tyler\Desktop\GitHub\HUNT-BUILDER","missing_path_only_no_overwrite","2026-05-26T17:53:52.6414385Z"
"public/hard-copy/data/library_page_data.json","1375292","110F80D8A0BCB63AEFFC96370B83930D305127D4B08197368B07A1E9D927FB1E","C:\Users\tyler\Desktop\GitHub\HUNT-BUILDER-CLEAN","C:\Users\tyler\Desktop\GitHub\HUNT-BUILDER","missing_path_only_no_overwrite","2026-05-26T17:53:52.6554385Z"
"public/hard-copy/data/library_page_hunts.csv","604096","E10A86EBCD017D897397B75D91CC127655BBD792010A08F56EE5FAFB3CF9DFAE","C:\Users\tyler\Desktop\GitHub\HUNT-BUILDER-CLEAN","C:\Users\tyler\Desktop\GitHub\HUNT-BUILDER","missing_path_only_no_overwrite","2026-05-26T17:53:52.6674373Z"
"public/hard-copy/data/library_page_summary.json","15551","CA26D8DFCAA234A13EF39D155DC07132211A8A16BECB67A849B2648BC4872946","C:\Users\tyler\Desktop\GitHub\HUNT-BUILDER-CLEAN","C:\Users\tyler\Desktop\GitHub\HUNT-BUILDER","missing_path_only_no_overwrite","2026-05-26T17:53:52.6788055Z"
"public/hard-copy/manifests/hard_data_manifest.json","15551","CA26D8DFCAA234A13EF39D155DC07132211A8A16BECB67A849B2648BC4872946","C:\Users\tyler\Desktop\GitHub\HUNT-BUILDER-CLEAN","C:\Users\tyler\Desktop\GitHub\HUNT-BUILDER","missing_path_only_no_overwrite","2026-05-26T17:53:52.6907578Z"
"scripts/audit-elk-private-lands-el-lo-2026.py","13365","1A60D49398D131FDE35DC052D69269B8532CCECA26CD0E144B0443CBD42F53AF","C:\Users\tyler\Desktop\GitHub\HUNT-BUILDER-CLEAN","C:\Users\tyler\Desktop\GitHub\HUNT-BUILDER","missing_path_only_no_overwrite","2026-05-26T17:53:52.7161148Z"
"scripts/lock-black-bear-conservation-br7307-2026.py","19365","98D847A849BB5E508503BE17B2BBFE05AE0786AAE28B12B230758145F42E8B5F","C:\Users\tyler\Desktop\GitHub\HUNT-BUILDER-CLEAN","C:\Users\tyler\Desktop\GitHub\HUNT-BUILDER","missing_path_only_no_overwrite","2026-05-26T17:53:52.7391132Z"
"scripts/promote-ea-private-lands-canonical-2026.py","13872","FE7CCB1CC6C58FFBB28B2AC43564B01582FF3A2781B138B56DF9611E57934538","C:\Users\tyler\Desktop\GitHub\HUNT-BUILDER-CLEAN","C:\Users\tyler\Desktop\GitHub\HUNT-BUILDER","missing_path_only_no_overwrite","2026-05-26T17:53:52.7591144Z"
"scripts/validate-ea-private-lands-canonical-2026.py","11179","529974C4C21601B3729CFB7CE734AE92D3B01F5EAA2B55016649EE540EE73324","C:\Users\tyler\Desktop\GitHub\HUNT-BUILDER-CLEAN","C:\Users\tyler\Desktop\GitHub\HUNT-BUILDER","missing_path_only_no_overwrite","2026-05-26T17:53:52.7785307Z"
"tests/utah/test_black_bear_conservation_br7307_lock_2026.py","3888","8573E3AA5CD59C4010AA34841E04F1C1727A8BFA64BCA25ABAA1A9B3833AEE58","C:\Users\tyler\Desktop\GitHub\HUNT-BUILDER-CLEAN","C:\Users\tyler\Desktop\GitHub\HUNT-BUILDER","missing_path_only_no_overwrite","2026-05-26T17:53:52.7995317Z"
"tests/utah/test_ea_private_lands_canonical_2026.py","2440","E3669A23D202898C1B099D0A5AF51A93317F1AD8CC2C91138DCF3E53BC8FAD34","C:\Users\tyler\Desktop\GitHub\HUNT-BUILDER-CLEAN","C:\Users\tyler\Desktop\GitHub\HUNT-BUILDER","missing_path_only_no_overwrite","2026-05-26T17:53:52.8256588Z"
"tests/utah/test_ea_private_lands_canonical_promotion_2026.py","3995","0A2118BEBC8F99FD9D1E7BDA1169A68C3889C4A96510568223B6E06B9A540D45","C:\Users\tyler\Desktop\GitHub\HUNT-BUILDER-CLEAN","C:\Users\tyler\Desktop\GitHub\HUNT-BUILDER","missing_path_only_no_overwrite","2026-05-26T17:53:52.8466608Z"
